image_id,relative_path,sha256,width,height,bytes
b2_001,data/raw/batch_2/屏幕截图 2026-09-02 222952.png,8787424875b034e39f91a080b2633f5485ea9b8c6273e459808e352ca68574ac,580,628,333658
b2_002,data/raw/batch_2/屏幕截图 2026-09-02 223108.png,893417c715e91480bdbe35425188c82d217659abc8c8750b2b61a00b3e2a3dc3,598,680,343809
b2_003,data/raw/batch_2/屏幕截图 2026-09-02 223138.png,16debd4c06232e6335b93aaf169313e41cc040670a1858d440c762cc025010f2,614,742,407121
b2_004,data/raw/batch_2/屏幕截图 2026-09-02 223202.png,ef3bd46b156da40d4a011d28102319f6ab3acfe827c25491041d8ec604c4bc93,602,744,334980
b2_005,data/raw/batch_2/屏幕截图 2026-09-02 223239.png,c0660e71ee9282afc5c0fe52bc405285e3bf1da8bde06eca2664196a2afafcdf,596,734,224874
b2_006,data/raw/batch_2/屏幕截图 2026-09-02 223311.png,2bb77c3c9d3661eac690b84c972f9b944a00f51ee7266565b2ebd94cfd6943b5,586,748,307694
b2_007,data/raw/batch_2/屏幕截图 2026-09-02 223338.png,418cdf63feb69342bb97fb5d4bc89e1c7891218082d9bb924fe25d335eaf9458,582,704,395790
b2_008,data/raw/batch_2/屏幕截图 2026-09-02 223407.png,c2017cc2aafb2a50247d641a5be4c4a28751040c206b61e8d2b76960e41cc2a6,600,916,721620
b2_009,data/raw/batch_2/屏幕截图 2026-09-02 223527.png,e14a41312bb5515acc1cea22fb6b24a662716bc2b6227c4ac078145ecba782da,604,914,783417
b2_010,data/raw/batch_2/屏幕截图 2026-09-02 223559.png,77d816d39d3ad85983b73a8cd69bc5152ec4b6a7784e86145a30f8c5ad0a83f5,598,918,829624
b2_011,data/raw/batch_2/屏幕截图 2026-09-02 223632.png,e556319f1bbd76ed995789bf850c71ddf4532d990c1dc1038c969ed0ef7448a8,604,912,766701
b2_012,data/raw/batch_2/屏幕截图 2026-09-02 223718.png,bc90eeb4376eb4b3d57a9bf87a33791886d4ee557b1844d82f5dd6664be6a287,610,818,544294
b2_013,data/raw/batch_2/屏幕截图 2026-09-02 223744.png,c3b4b4771ab0070c86c1227639c1fa54a52e2d9ac172bb73eabd07c1222f1fbe,606,810,574695
b2_014,data/raw/batch_2/屏幕截图 2026-09-02 223810.png,46f5835bbe72f3211699506c7746d38969d5777c6dadf5f0353db6fe2e5268ab,608,824,545453
b2_015,data/raw/batch_2/屏幕截图 2026-09-02 223837.png,e76f8b09f89f618a897e0e8c483eaf72557daf4160fddc629f6143f7e24610d6,614,794,606321
b2_016,data/raw/batch_2/屏幕截图 2026-09-02 223907.png,2e7c5f6451feebca7fc1b1a564ab50a565bf03400c7e1788e2ad5159f4a794f1,608,810,621012
b2_017,data/raw/batch_2/屏幕截图 2026-09-02 223933.png,dfd06d91dd3fd4c1568d9bca4688326664f3e2b70dad1c44750587a700a8c650,590,802,460789
b2_018,data/raw/batch_2/屏幕截图 2026-09-02 224002.png,8a199a1f98c6d32f6c7fa749f10a9cad6a5c25265015666ecda19cd8e12ce5d9,620,784,494792
b2_019,data/raw/batch_2/屏幕截图 2026-09-02 224059.png,641acee1a0a48320495ce9749b135cc15241ec41d3eba1b332cf6cea14e614b1,636,750,566634
b2_020,data/raw/batch_2/屏幕截图 2026-09-02 224124.png,3bf2a27a72e07ff0755303904c583e3187410dc83dfababb40bd9cf028370fcc,592,740,444743
b2_021,data/raw/batch_2/屏幕截图 2026-09-02 224202.png,41ddfce05ec9433dc9a6499a955d855488469134802443f0740239f3d5738479,610,752,569562
b2_022,data/raw/batch_2/屏幕截图 2026-09-02 224256.png,23d69d02dfc675a5f7fbd55db0197357bf66061f7b61e8e3263c83b86cd94048,600,714,481110
b2_023,data/raw/batch_2/屏幕截图 2026-09-02 224330.png,f86f49b295836e1129faf8a0acc4d5a26517f3d4a2fdb0cf851f362fa5749e2a,602,744,498406
b2_024,data/raw/batch_2/屏幕截图 2026-09-02 224830.png,a2aa8949142b7cac6c03c619d2b2ba32467f67352aefe7bac329bc4996db9f77,574,844,409367
b2_025,data/raw/batch_2/屏幕截图 2026-09-02 224939.png,6cdef9b2b5aebb00b38f3d17315c789fe4ffdc16fbfd6d0366cad3b73ea69835,560,846,366867
b2_026,data/raw/batch_2/屏幕截图 2026-09-02 225002.png,24c7b4d0dd510f1e4b2b57c6a19d7e36ba7d56adb5374d00f1ee9b2493638875,526,848,500872
b2_027,data/raw/batch_2/屏幕截图 2026-09-02 225031.png,6429b0db24a61d2cb0df20bdfeaa31b12c4b7b68451818be11fca612161ecdf8,606,902,455706
b2_028,data/raw/batch_2/屏幕截图 2026-09-02 225058.png,99499056a3445782fc5bea6e528331e5b7dadb97c6aac29495485afc722d6d43,618,884,566505
b2_029,data/raw/batch_2/屏幕截图 2026-09-02 225123.png,cce54cbeaed2241092ab3442fc2190af6e529b76e2ea4cdbd573bfea3a39f46c,618,908,592976
b2_030,data/raw/batch_2/屏幕截图 2026-09-02 225239.png,071df20792e666e2e982e1cea06de50c567a488f1354525e4f08c82aafb9e0fc,602,892,588616
b2_031,data/raw/batch_2/屏幕截图 2026-09-02 225310.png,5c7f103356c74573fb9d0cc5eff44b1f9e060d49341a591cc10ffb05c2e2b6cb,606,912,589161
b2_032,data/raw/batch_2/屏幕截图 2026-09-02 225338.png,29b7d9fe387c918a1dc86755b4302403b2578a5e88af31330e17ca49d2b8a952,602,892,485421
b3_001,data/raw/batch_3/屏幕截图 2026-09-02 230510.png,3ca7ac9799a28cc15ba5708fe2da3639a967b581af13e8d44232a721e2a72111,630,788,373351
b3_002,data/raw/batch_3/屏幕截图 2026-09-02 230604.png,813a1fc276d9fcba8884149c933a0e7dd1ef85717b55f2f27f020f3b3241b006,602,750,396497
b3_003,data/raw/batch_3/屏幕截图 2026-09-02 230715.png,c6a2efc0704ce7dc691c7027d6e436f21a8c96fc9a449b7333a37a77067752ea,594,754,447037
b3_004,data/raw/batch_3/屏幕截图 2026-09-02 230815.png,ead25c7e448aaaa5ce99ed237a438db7e750f37eff1d95c9167e5723dcb0ede9,586,744,446235
b3_005,data/raw/batch_3/屏幕截图 2026-09-02 230902.png,530cfff57e878d7a19535b2a92e4afa46fc72d4ffea591f0f52f531464085e56,618,758,391874
b3_006,data/raw/batch_3/屏幕截图 2026-09-02 230947.png,9562e90186cfc0d3ba09fdf771d8b85eafccf1bcf2efdee97448b74dadb2b9dc,596,750,435329
b3_007,data/raw/batch_3/屏幕截图 2026-09-02 231032.png,580201625405a58cf4b43dead12e5725f46d771c4a0bd72cffa4a21fdbb3165c,600,758,327934
b3_008,data/raw/batch_3/屏幕截图 2026-09-02 231114.png,4c4c14a64c5a9fd8a5460e39c1dc3ededd21743728ee40a91eddf5071c25ba8e,602,758,400318
