source_batch,image_id,raw_filename,asset_type,museum_name_or_code,pattern_labels_supported_by_name,craft_labels_supported_by_name,garment_or_object_type,usable_for_training,usage_scope,level1_label,source_group_id,evidence_text,notes,collection_scope,classification_evidence_source,level1_confidence,label_evidence_available,label_leakage_risk
batch_2,b2_001,屏幕截图 2026-09-02 222952.png,object_catalog_screenshot,unknown,牡丹;洪福齐天,织金缎;妆花;绣,方领女衣副本,false,reference,nanjing_yunjin,b2_001,红织金缎枝牡丹妆花绣洪福齐天方领女衣副本,采集背景与标题中的云锦工艺语义共同支持南京云锦正类；截图含类别/工艺文字且来源授权未确认，不可直接作为最终视觉训练样本,nanjing_yunjin_project_related_materials,用户确认的南京云锦项目采集背景 + 标题中的“织金缎、妆花”,medium,true,high
batch_2,b2_002,屏幕截图 2026-09-02 223108.png,object_catalog_screenshot,unknown,十二章;福寿如意,unknown,衮服,false,reference,unknown,b2_002,黄缎丝十二章福寿如意衮服,标题未出现“南京云锦”；截图含标题文字，不可据视觉设为正类或直接训练；采集范围只证明项目相关性，不自动等同于南京云锦监督正类,nanjing_yunjin_project_related_materials,用户确认的南京云锦项目相关素材采集背景；缺少足以确定Level 1类别的直接或组合证据,insufficient,false,high
batch_2,b2_003,屏幕截图 2026-09-02 223138.png,object_catalog_screenshot,D28.1,龙栏,织金;妆花,绢裙,false,reference,nanjing_yunjin,b2_003,黄织金妆花龙栏绢裙,采集背景与标题中的云锦工艺语义共同支持南京云锦正类；截图含类别/工艺文字且来源授权未确认，不可直接作为最终视觉训练样本,nanjing_yunjin_project_related_materials,用户确认的南京云锦项目采集背景 + 标题中的“织金、妆花”,medium,true,high
batch_2,b2_004,屏幕截图 2026-09-02 223202.png,object_catalog_screenshot,unknown,八宝;云蟒,织彩;妆花缎,吉服袍,false,reference,nanjing_yunjin,b2_004,蓝地织彩八宝云蟒妆花缎吉服袍,采集背景与标题中的云锦工艺语义共同支持南京云锦正类；截图含类别/工艺文字且来源授权未确认，不可直接作为最终视觉训练样本,nanjing_yunjin_project_related_materials,用户确认的南京云锦项目采集背景 + 标题中的“妆花缎”,medium,true,high
batch_2,b2_005,屏幕截图 2026-09-02 223239.png,object_catalog_screenshot,unknown,八宝纹;斗牛,亮地花罗,方补袍,false,reference,unknown,b2_005,明·绛红地八宝纹亮地花罗斗牛方补袍,年代词“明”仅按标题保留；未据外观推断；采集范围只证明项目相关性，不自动等同于南京云锦监督正类,nanjing_yunjin_project_related_materials,用户确认的南京云锦项目相关素材采集背景；缺少足以确定Level 1类别的直接或组合证据,insufficient,false,high
batch_2,b2_006,屏幕截图 2026-09-02 223311.png,object_catalog_screenshot,unknown,unknown,unknown,袍,false,reference,unknown,b2_006,齐王金字袍,标题未出现“南京云锦”；其余属性未知；采集范围只证明项目相关性，不自动等同于南京云锦监督正类,nanjing_yunjin_project_related_materials,用户确认的南京云锦项目相关素材采集背景；缺少足以确定Level 1类别的直接或组合证据,insufficient,false,high
batch_2,b2_007,屏幕截图 2026-09-02 223338.png,object_catalog_screenshot,unknown,寿字;龙;云肩;龙栏,织金;妆花缎,衬褶袍,false,reference,nanjing_yunjin,b2_007,织金寿字龙云肩通袖龙栏妆花缎衬褶袍(正面),采集背景与标题中的云锦工艺语义共同支持南京云锦正类；截图含类别/工艺文字且来源授权未确认，不可直接作为最终视觉训练样本,nanjing_yunjin_project_related_materials,用户确认的南京云锦项目采集背景 + 标题中的“织金、妆花缎”,medium,true,high
batch_2,b2_008,屏幕截图 2026-09-02 223407.png,object_catalog_screenshot,unknown,unknown,unknown,铠靴护膝,false,reference,unknown,b2_008,铠靴护膝,非织锦类别证据不足；参考资料；采集范围只证明项目相关性，不自动等同于南京云锦监督正类,nanjing_yunjin_project_related_materials,用户确认的南京云锦项目相关素材采集背景；缺少足以确定Level 1类别的直接或组合证据,insufficient,false,high
batch_2,b2_009,屏幕截图 2026-09-02 223527.png,object_catalog_screenshot,unknown,寿字;花蝶,绣,膝袜,false,reference,unknown,b2_009,绛地绣寿字花蝶膝袜,标题未出现“南京云锦”；截图含标题文字；采集范围只证明项目相关性，不自动等同于南京云锦监督正类,nanjing_yunjin_project_related_materials,用户确认的南京云锦项目相关素材采集背景；缺少足以确定Level 1类别的直接或组合证据,insufficient,false,high
batch_2,b2_010,屏幕截图 2026-09-02 223559.png,object_catalog_screenshot,unknown,蝶;双喜,绸;绣,女单衣,false,reference,unknown,b2_010,红绸绣蝶金双喜镶领绣边女单衣正面,标题未出现“南京云锦”；截图含标题文字；采集范围只证明项目相关性，不自动等同于南京云锦监督正类,nanjing_yunjin_project_related_materials,用户确认的南京云锦项目相关素材采集背景；缺少足以确定Level 1类别的直接或组合证据,insufficient,false,high
batch_2,b2_011,屏幕截图 2026-09-02 223632.png,object_catalog_screenshot,unknown,龙栏;龙,织金;妆花,龙袍料,false,reference,nanjing_yunjin,b2_011,明·黄地织金妆花龙栏缎直身龙袍料,采集背景与标题中的云锦工艺语义共同支持南京云锦正类；截图含类别/工艺文字且来源授权未确认，不可直接作为最终视觉训练样本,nanjing_yunjin_project_related_materials,用户确认的南京云锦项目采集背景 + 标题中的“织金、妆花”,medium,true,high
batch_2,b2_012,屏幕截图 2026-09-02 223718.png,object_catalog_screenshot,unknown,unknown,锦,锦片,false,reference,other_brocade,b2_012,泰国锦片01,标题明确为其他国家/地区织锦；南京云锦项目采集背景不覆盖该直接证据；截图含类别文字且来源授权未确认，不可直接训练,nanjing_yunjin_project_related_materials,截图标题明确写有“泰国锦片”,high,true,high
batch_2,b2_013,屏幕截图 2026-09-02 223744.png,object_catalog_screenshot,unknown,unknown,锦,锦片,false,reference,other_brocade,b2_013,泰国锦片02,标题明确为其他国家/地区织锦；南京云锦项目采集背景不覆盖该直接证据；截图含类别文字且来源授权未确认，不可直接训练,nanjing_yunjin_project_related_materials,截图标题明确写有“泰国锦片”,high,true,high
batch_2,b2_014,屏幕截图 2026-09-02 223810.png,object_catalog_screenshot,unknown,unknown,锦,锦片,false,reference,other_brocade,b2_014,泰国锦片04,标题明确为其他国家/地区织锦；南京云锦项目采集背景不覆盖该直接证据；截图含类别文字且来源授权未确认，不可直接训练,nanjing_yunjin_project_related_materials,截图标题明确写有“泰国锦片”,high,true,high
batch_2,b2_015,屏幕截图 2026-09-02 223837.png,object_catalog_screenshot,unknown,unknown,埃及织锦,靠垫,false,reference,other_brocade,b2_015,绿地埃及织锦靠垫,标题明确为其他国家/地区织锦；南京云锦项目采集背景不覆盖该直接证据；截图含类别文字且来源授权未确认，不可直接训练,nanjing_yunjin_project_related_materials,截图标题明确写有“埃及织锦”,high,true,high
batch_2,b2_016,屏幕截图 2026-09-02 223907.png,object_catalog_screenshot,unknown,unknown,埃及织锦,靠垫,false,reference,other_brocade,b2_016,黑地埃及织锦靠垫,标题明确为其他国家/地区织锦；南京云锦项目采集背景不覆盖该直接证据；截图含类别文字且来源授权未确认，不可直接训练,nanjing_yunjin_project_related_materials,截图标题明确写有“埃及织锦”,high,true,high
batch_2,b2_017,屏幕截图 2026-09-02 223933.png,object_catalog_screenshot,unknown,骆驼,埃及织锦,挂毯,false,reference,other_brocade,b2_017,埃及织锦骆驼挂毯,标题明确为其他国家/地区织锦；南京云锦项目采集背景不覆盖该直接证据；截图含类别文字且来源授权未确认，不可直接训练,nanjing_yunjin_project_related_materials,截图标题明确写有“埃及织锦”,high,true,high
batch_2,b2_018,屏幕截图 2026-09-02 224002.png,object_catalog_screenshot,unknown,人物,土耳其织锦,靠垫,false,reference,other_brocade,b2_018,土耳其人物织锦靠垫,标题明确为其他国家/地区织锦；南京云锦项目采集背景不覆盖该直接证据；截图含类别文字且来源授权未确认，不可直接训练,nanjing_yunjin_project_related_materials,截图标题明确写有“土耳其人物织锦”,high,true,high
batch_2,b2_019,屏幕截图 2026-09-02 224059.png,object_catalog_screenshot,unknown,教堂,天鹅绒,毯,false,reference,unknown,b2_019,天鹅绒毯 绿地教堂,标题未说明地域或是否属于“其他织锦”；不作类别推断；采集范围只证明项目相关性，不自动等同于南京云锦监督正类,nanjing_yunjin_project_related_materials,用户确认的南京云锦项目相关素材采集背景；缺少足以确定Level 1类别的直接或组合证据,insufficient,false,high
batch_2,b2_020,屏幕截图 2026-09-02 224124.png,object_catalog_screenshot,unknown,教堂,天鹅绒,毯,false,reference,unknown,b2_020,红地教堂 天鹅绒毯,标题未说明地域或是否属于“其他织锦”；不作类别推断；采集范围只证明项目相关性，不自动等同于南京云锦监督正类,nanjing_yunjin_project_related_materials,用户确认的南京云锦项目相关素材采集背景；缺少足以确定Level 1类别的直接或组合证据,insufficient,false,high
batch_2,b2_021,屏幕截图 2026-09-02 224202.png,object_catalog_screenshot,unknown,unknown,unknown,台毯,false,reference,unknown,b2_021,红地台毯,标题不足以判定织锦类别；采集范围只证明项目相关性，不自动等同于南京云锦监督正类,nanjing_yunjin_project_related_materials,用户确认的南京云锦项目相关素材采集背景；缺少足以确定Level 1类别的直接或组合证据,insufficient,false,high
batch_2,b2_022,屏幕截图 2026-09-02 224256.png,object_catalog_screenshot,unknown,花卉,unknown,台毯,false,reference,unknown,b2_022,蓝底花卉台毯,标题不足以判定织锦类别；采集范围只证明项目相关性，不自动等同于南京云锦监督正类,nanjing_yunjin_project_related_materials,用户确认的南京云锦项目相关素材采集背景；缺少足以确定Level 1类别的直接或组合证据,insufficient,false,high
batch_2,b2_023,屏幕截图 2026-09-02 224330.png,object_catalog_screenshot,unknown,unknown,长毛绒,壁毯,false,reference,unknown,b2_023,长毛绒壁毯,标题不足以判定织锦类别；采集范围只证明项目相关性，不自动等同于南京云锦监督正类,nanjing_yunjin_project_related_materials,用户确认的南京云锦项目相关素材采集背景；缺少足以确定Level 1类别的直接或组合证据,insufficient,false,high
batch_2,b2_024,屏幕截图 2026-09-02 224830.png,pattern_record_screenshot,YAABB-00101,缠枝莲,unknown,纹样资料,false,reference,unknown,YAABB-00101,缠枝莲-1；可见YAABB 00101,同一档案编号的多种记录状态必须整体分组；未出现“南京云锦”；采集范围只证明项目相关性，不自动等同于南京云锦监督正类,nanjing_yunjin_project_related_materials,用户确认的南京云锦项目相关素材采集背景；缺少足以确定Level 1类别的直接或组合证据,insufficient,false,high
batch_2,b2_025,屏幕截图 2026-09-02 224939.png,pattern_record_screenshot,YAABB-00101,缠枝莲,unknown,纹样资料,false,reference,unknown,YAABB-00101,缠枝莲-2；可见YAABB 00101,与b2_024同源；禁止跨训练/验证/测试拆分；采集范围只证明项目相关性，不自动等同于南京云锦监督正类,nanjing_yunjin_project_related_materials,用户确认的南京云锦项目相关素材采集背景；缺少足以确定Level 1类别的直接或组合证据,insufficient,false,high
batch_2,b2_026,屏幕截图 2026-09-02 225002.png,pattern_record_screenshot,YAABB-00101,缠枝莲,unknown,纹样资料,false,reference,unknown,YAABB-00101,缠枝莲-3；可见YAABB 00101,与b2_024同源；禁止跨训练/验证/测试拆分；采集范围只证明项目相关性，不自动等同于南京云锦监督正类,nanjing_yunjin_project_related_materials,用户确认的南京云锦项目相关素材采集背景；缺少足以确定Level 1类别的直接或组合证据,insufficient,false,high
batch_2,b2_027,屏幕截图 2026-09-02 225031.png,pattern_record_screenshot,YAABB-00201,缠枝莲,unknown,纹样资料,false,reference,unknown,YAABB-00201,缠枝莲-4；可见YAABB 00201,同一档案编号的多种记录状态必须整体分组；采集范围只证明项目相关性，不自动等同于南京云锦监督正类,nanjing_yunjin_project_related_materials,用户确认的南京云锦项目相关素材采集背景；缺少足以确定Level 1类别的直接或组合证据,insufficient,false,high
batch_2,b2_028,屏幕截图 2026-09-02 225058.png,pattern_record_screenshot,YAABB-00201,缠枝莲,unknown,纹样资料,false,reference,unknown,YAABB-00201,缠枝莲-5；可见YAABB 00201,与b2_027同源；禁止跨数据集拆分；采集范围只证明项目相关性，不自动等同于南京云锦监督正类,nanjing_yunjin_project_related_materials,用户确认的南京云锦项目相关素材采集背景；缺少足以确定Level 1类别的直接或组合证据,insufficient,false,high
batch_2,b2_029,屏幕截图 2026-09-02 225123.png,pattern_record_screenshot,YAABB-00201,缠枝莲,unknown,纹样资料,false,reference,unknown,YAABB-00201,缠枝莲-6；可见YAABB 00201,与b2_027同源；禁止跨数据集拆分；采集范围只证明项目相关性，不自动等同于南京云锦监督正类,nanjing_yunjin_project_related_materials,用户确认的南京云锦项目相关素材采集背景；缺少足以确定Level 1类别的直接或组合证据,insufficient,false,high
batch_2,b2_030,屏幕截图 2026-09-02 225239.png,pattern_record_screenshot,YAABB-00501,缠枝莲,unknown,纹样资料,false,reference,unknown,YAABB-00501,缠枝莲-7；可见YAABB 00501,与b2_031为同一画面的近重复截图；只保留一个代表视图；采集范围只证明项目相关性，不自动等同于南京云锦监督正类,nanjing_yunjin_project_related_materials,用户确认的南京云锦项目相关素材采集背景；缺少足以确定Level 1类别的直接或组合证据,insufficient,false,high
batch_2,b2_031,屏幕截图 2026-09-02 225310.png,pattern_record_screenshot,YAABB-00501,缠枝莲,unknown,纹样资料,false,reference,unknown,YAABB-00501,缠枝莲-7；可见YAABB 00501,与b2_030为近重复截图；不得计作独立样本；采集范围只证明项目相关性，不自动等同于南京云锦监督正类,nanjing_yunjin_project_related_materials,用户确认的南京云锦项目相关素材采集背景；缺少足以确定Level 1类别的直接或组合证据,insufficient,false,high
batch_2,b2_032,屏幕截图 2026-09-02 225338.png,record_card_screenshot,YAABB-00501,缠枝莲,unknown,研究卡片,false,reference,unknown,YAABB-00501,缠枝莲-8；可见“装饰图案习稿研究资料卡片”,资料卡不是模型视觉样本；与b2_030同源；采集范围只证明项目相关性，不自动等同于南京云锦监督正类,nanjing_yunjin_project_related_materials,用户确认的南京云锦项目相关素材采集背景；缺少足以确定Level 1类别的直接或组合证据,insufficient,false,high
batch_3,b3_001,屏幕截图 2026-09-02 230510.png,object_catalog_screenshot,YBBCA000019401,unknown,unknown,unknown,false,reference,unknown,YBBCA000019401,YBBCA000019401,只有编号证据；名称、纹样、工艺和类别均不可由外观推断；采集范围只证明项目相关性，不自动等同于南京云锦监督正类,nanjing_yunjin_project_related_materials,用户确认的南京云锦项目相关素材采集背景；缺少足以确定Level 1类别的直接或组合证据,insufficient,false,high
batch_3,b3_002,屏幕截图 2026-09-02 230604.png,object_catalog_screenshot,YBBCA000021001,unknown,unknown,unknown,false,reference,unknown,YBBCA000021001,YBBCA000021001,只有编号证据；名称、纹样、工艺和类别均不可由外观推断；采集范围只证明项目相关性，不自动等同于南京云锦监督正类,nanjing_yunjin_project_related_materials,用户确认的南京云锦项目相关素材采集背景；缺少足以确定Level 1类别的直接或组合证据,insufficient,false,high
batch_3,b3_003,屏幕截图 2026-09-02 230715.png,object_catalog_screenshot,YBBCA000021301,unknown,unknown,unknown,false,reference,unknown,YBBCA000021301,YBBCA000021301,只有编号证据；名称、纹样、工艺和类别均不可由外观推断；采集范围只证明项目相关性，不自动等同于南京云锦监督正类,nanjing_yunjin_project_related_materials,用户确认的南京云锦项目相关素材采集背景；缺少足以确定Level 1类别的直接或组合证据,insufficient,false,high
batch_3,b3_004,屏幕截图 2026-09-02 230815.png,object_catalog_screenshot,unknown,玉亭桥,unknown,unknown,false,reference,unknown,b3_004,玉亭桥,标题仅支持主题名；工艺和织锦类别未知；采集范围只证明项目相关性，不自动等同于南京云锦监督正类,nanjing_yunjin_project_related_materials,用户确认的南京云锦项目相关素材采集背景；缺少足以确定Level 1类别的直接或组合证据,insufficient,false,high
batch_3,b3_005,屏幕截图 2026-09-02 230902.png,object_catalog_screenshot,unknown,塔,unknown,unknown,false,reference,unknown,b3_005,塔,标题仅支持主题名；工艺和织锦类别未知；采集范围只证明项目相关性，不自动等同于南京云锦监督正类,nanjing_yunjin_project_related_materials,用户确认的南京云锦项目相关素材采集背景；缺少足以确定Level 1类别的直接或组合证据,insufficient,false,high
batch_3,b3_006,屏幕截图 2026-09-02 230947.png,object_catalog_screenshot,unknown,延安之春,unknown,unknown,false,reference,unknown,b3_006,延安之春,标题仅支持主题名；工艺和织锦类别未知；采集范围只证明项目相关性，不自动等同于南京云锦监督正类,nanjing_yunjin_project_related_materials,用户确认的南京云锦项目相关素材采集背景；缺少足以确定Level 1类别的直接或组合证据,insufficient,false,high
batch_3,b3_007,屏幕截图 2026-09-02 231032.png,object_catalog_screenshot,YBBCA197804601,荷花,unknown,unknown,false,reference,unknown,YBBCA197804601,YBBCA197804601；荷花,可见编号YBBCA197804601及标签“荷花”；工艺和织锦类别未知；采集范围只证明项目相关性，不自动等同于南京云锦监督正类,nanjing_yunjin_project_related_materials,用户确认的南京云锦项目相关素材采集背景；缺少足以确定Level 1类别的直接或组合证据,insufficient,false,high
batch_3,b3_008,屏幕截图 2026-09-02 231114.png,object_catalog_screenshot,unknown,灵凤祝寿,unknown,unknown,false,reference,unknown,b3_008,灵凤祝寿,标题仅支持主题名；工艺和织锦类别未知；采集范围只证明项目相关性，不自动等同于南京云锦监督正类,nanjing_yunjin_project_related_materials,用户确认的南京云锦项目相关素材采集背景；缺少足以确定Level 1类别的直接或组合证据,insufficient,false,high
