label_name,label_type,source_url,official_text,object_count,confidence,example_object_ids,training_decision
妆花,craft,http://www.yjmuseum.com/cpwx/%E5%8D%97%E4%BA%AC%E5%8E%86%E4%BB%A3%E4%BA%91%E9%94%A6%E5%8D%9A%E7%89%A9%E9%A6%86%E8%97%8F%E5%93%81%E5%AE%A4%EF%BC%9A%E4%BA%91%E9%94%A6%E7%B1%BB1%EF%BC%9A540%E5%A5%97.pdf#page=1,清末墨绿地织金灵芝鹤寿妆花缎；20世纪80年代复制明代红织金妆花奔兔纱；20世纪80年代复制明代黄回纹地妆花小团龙纹罗；20世纪80年代复制明代绛红织金妆花喜字串枝并蒂莲妆花缎；20世纪80年代复制清童子攀枝莲妆花缎,7,high_name_text_match,official_yunjin_YAAAB000000700;official_yunjin_YABAB000000400;official_yunjin_YABAB000000500;official_yunjin_YABAB000000700;official_yunjin_YABAB000000800,待补足每标签独立对象并进行专家复核，不启动Level 2训练
库缎,craft,http://www.yjmuseum.com/cpwx/%E5%8D%97%E4%BA%AC%E5%8E%86%E4%BB%A3%E4%BA%91%E9%94%A6%E5%8D%9A%E7%89%A9%E9%A6%86%E8%97%8F%E5%93%81%E5%AE%A4%EF%BC%9A%E4%BA%91%E9%94%A6%E7%B1%BB1%EF%BC%9A540%E5%A5%97.pdf#page=1,清末蓝地长圆寿织金库缎,1,high_name_text_match,official_yunjin_YAAAB000000500,待补足每标签独立对象并进行专家复核，不启动Level 2训练
织金,craft,http://www.yjmuseum.com/cpwx/%E5%8D%97%E4%BA%AC%E5%8E%86%E4%BB%A3%E4%BA%91%E9%94%A6%E5%8D%9A%E7%89%A9%E9%A6%86%E8%97%8F%E5%93%81%E5%AE%A4%EF%BC%9A%E4%BA%91%E9%94%A6%E7%B1%BB1%EF%BC%9A540%E5%A5%97.pdf#page=1,清末白地牡丹织金缎；清末蓝地长圆寿织金库缎；清末绿地八则织金多彩變龙锦；清末墨绿地织金灵芝鹤寿妆花缎；清湖色正“卍”字织金缎,10,high_name_text_match,official_yunjin_YAAAB000000400;official_yunjin_YAAAB000000500;official_yunjin_YAAAB000000600;official_yunjin_YAAAB000000700;official_yunjin_YAAAB000000900,待补足每标签独立对象并进行专家复核，不启动Level 2训练
八宝,pattern,http://www.yjmuseum.com/cpwx/%E5%8D%97%E4%BA%AC%E5%8E%86%E4%BB%A3%E4%BA%91%E9%94%A6%E5%8D%9A%E7%89%A9%E9%A6%86%E8%97%8F%E5%93%81%E5%AE%A4%EF%BC%9A%E4%BA%91%E9%94%A6%E7%B1%BB1%EF%BC%9A540%E5%A5%97.pdf#page=2,20世纪80年代复制明代青地八宝纹绸,1,high_name_text_match,official_yunjin_YABAB000000200,待补足每标签独立对象并进行专家复核，不启动Level 2训练
凤,pattern,http://www.yjmuseum.com/cpwx/%E5%8D%97%E4%BA%AC%E5%8E%86%E4%BB%A3%E4%BA%91%E9%94%A6%E5%8D%9A%E7%89%A9%E9%A6%86%E8%97%8F%E5%93%81%E5%AE%A4%EF%BC%9A%E4%BA%91%E9%94%A6%E7%B1%BB1%EF%BC%9A540%E5%A5%97.pdf#page=4,20世纪80年代复制黑地红纹龙凤串枝花缎；2007年云锦织品《龙凤呈祥迎奥运》,2,high_name_text_match,official_yunjin_YABAB000001200;official_yunjin_YBBCA000001300,待补足每标签独立对象并进行专家复核，不启动Level 2训练
宝灯,pattern,http://www.yjmuseum.com/cpwx/%E5%8D%97%E4%BA%AC%E5%8E%86%E4%BB%A3%E4%BA%91%E9%94%A6%E5%8D%9A%E7%89%A9%E9%A6%86%E8%97%8F%E5%93%81%E5%AE%A4%EF%BC%9A%E4%BA%91%E9%94%A6%E7%B1%BB1%EF%BC%9A540%E5%A5%97.pdf#page=1,清末大红地四则宝灯锦,1,high_name_text_match,official_yunjin_YAAAB000000300,待补足每标签独立对象并进行专家复核，不启动Level 2训练
寿,pattern,http://www.yjmuseum.com/cpwx/%E5%8D%97%E4%BA%AC%E5%8E%86%E4%BB%A3%E4%BA%91%E9%94%A6%E5%8D%9A%E7%89%A9%E9%A6%86%E8%97%8F%E5%93%81%E5%AE%A4%EF%BC%9A%E4%BA%91%E9%94%A6%E7%B1%BB1%EF%BC%9A540%E5%A5%97.pdf#page=1,清末蓝地长圆寿织金库缎；清末墨绿地织金灵芝鹤寿妆花缎；万寿中华屏风；松龄鹤寿（金宝地）,4,high_name_text_match,official_yunjin_YAAAB000000500;official_yunjin_YAAAB000000700;web_fine_art_001;web_fine_art_006,待补足每标签独立对象并进行专家复核，不启动Level 2训练
灵芝,pattern,http://www.yjmuseum.com/cpwx/%E5%8D%97%E4%BA%AC%E5%8E%86%E4%BB%A3%E4%BA%91%E9%94%A6%E5%8D%9A%E7%89%A9%E9%A6%86%E8%97%8F%E5%93%81%E5%AE%A4%EF%BC%9A%E4%BA%91%E9%94%A6%E7%B1%BB1%EF%BC%9A540%E5%A5%97.pdf#page=1,清末墨绿地织金灵芝鹤寿妆花缎,1,high_name_text_match,official_yunjin_YAAAB000000700,待补足每标签独立对象并进行专家复核，不启动Level 2训练
牡丹,pattern,http://www.yjmuseum.com/cpwx/%E5%8D%97%E4%BA%AC%E5%8E%86%E4%BB%A3%E4%BA%91%E9%94%A6%E5%8D%9A%E7%89%A9%E9%A6%86%E8%97%8F%E5%93%81%E5%AE%A4%EF%BC%9A%E4%BA%91%E9%94%A6%E7%B1%BB1%EF%BC%9A540%E5%A5%97.pdf#page=1,清末白地牡丹织金缎,1,high_name_text_match,official_yunjin_YAAAB000000400,待补足每标签独立对象并进行专家复核，不启动Level 2训练
莲,pattern,http://www.yjmuseum.com/cpwx/%E5%8D%97%E4%BA%AC%E5%8E%86%E4%BB%A3%E4%BA%91%E9%94%A6%E5%8D%9A%E7%89%A9%E9%A6%86%E8%97%8F%E5%93%81%E5%AE%A4%EF%BC%9A%E4%BA%91%E9%94%A6%E7%B1%BB1%EF%BC%9A540%E5%A5%97.pdf#page=3,20世纪80年代复制明代绛红织金妆花喜字串枝并蒂莲妆花缎；20世纪80年代复制清童子攀枝莲妆花缎,2,high_name_text_match,official_yunjin_YABAB000000700;official_yunjin_YABAB000000800,待补足每标签独立对象并进行专家复核，不启动Level 2训练
鹤,pattern,http://www.yjmuseum.com/cpwx/%E5%8D%97%E4%BA%AC%E5%8E%86%E4%BB%A3%E4%BA%91%E9%94%A6%E5%8D%9A%E7%89%A9%E9%A6%86%E8%97%8F%E5%93%81%E5%AE%A4%EF%BC%9A%E4%BA%91%E9%94%A6%E7%B1%BB1%EF%BC%9A540%E5%A5%97.pdf#page=1,清末墨绿地织金灵芝鹤寿妆花缎；2011年云锦织品《清一品文官补仙鹤》；松龄鹤寿（金宝地）；从北京到巴黎-中法交流特别荣誉《海屋朝鹤》,4,high_name_text_match,official_yunjin_YAAAB000000700;official_yunjin_YBBCA000001400;web_fine_art_006;web_fine_art_007,待补足每标签独立对象并进行专家复核，不启动Level 2训练
龙,pattern,http://www.yjmuseum.com/cpwx/%E5%8D%97%E4%BA%AC%E5%8E%86%E4%BB%A3%E4%BA%91%E9%94%A6%E5%8D%9A%E7%89%A9%E9%A6%86%E8%97%8F%E5%93%81%E5%AE%A4%EF%BC%9A%E4%BA%91%E9%94%A6%E7%B1%BB1%EF%BC%9A540%E5%A5%97.pdf#page=1,清末绿地八则织金多彩變龙锦；20世纪80年代复制明代黄回纹地妆花小团龙纹罗；20世纪80年代复制黑地红纹龙凤串枝花缎；20世纪80年代复制明代团龙小纳纱；2007年云锦织品《龙凤呈祥迎奥运》,5,high_name_text_match,official_yunjin_YAAAB000000600;official_yunjin_YABAB000000500;official_yunjin_YABAB000001200;official_yunjin_YBBCA000000100;official_yunjin_YBBCA000001300,待补足每标签独立对象并进行专家复核，不启动Level 2训练
