image_id,class_label,object_id,source_group_id,object_name,source,original_url,image_url,author_or_institution,license,license_url,license_evidence,label_evidence,retrieval_date,resolution,local_path,sha256,usable_for_training,usable_for_demo,text_watermark_exhibit_risk,notes
commons_11294683,unknown,commons_nonobject_11294683,commons_nonobject_11294683,Brocade loom,Wikimedia Commons,https://commons.wikimedia.org/wiki/File:Brocade_loom.jpg,https://upload.wikimedia.org/wikipedia/commons/b/b5/Brocade_loom.jpg?utm_source=commons.wikimedia.org&utm_campaign=imageinfo&utm_content=original,Anne Oeldorf-Hirsch,CC BY 2.0,https://creativecommons.org/licenses/by/2.0,File page/API states CC BY 2.0; attribution required=true,"Category page association only; description: It takes a huge loom and two people running it to weave these fabric patterns. http://en.wikipedia.org/wiki/Brocade "" rel=""nofollow"">en.wikipedia.org/wiki/Brocade",2026-09-04,2048x1536,,,false,false,not an independent textile object; excluded,"Openly licensed category file, but it is a loom/building/site image rather than an independent Yunjin textile object."
commons_1061015,unknown,commons_yunjin_qianlong_dragon_robe,commons_yunjin_qianlong_dragon_robe,Dragon robe of Chinese Emperor Qianlong,Wikimedia Commons,https://commons.wikimedia.org/wiki/File:Drachenrobe-Qianlong.JPG,https://upload.wikimedia.org/wikipedia/commons/5/52/Drachenrobe-Qianlong.JPG?utm_source=commons.wikimedia.org&utm_campaign=imageinfo&utm_content=original,Dr. Meierhofer,CC BY-SA 3.0,http://creativecommons.org/licenses/by-sa/3.0/,File page/API states CC BY-SA 3.0; attribution required=true,Wikimedia file description identifies the dragon robe; structured data states depicts Yunjin brocade; file is in Category:Nanjing brocade.,2026-09-04,2111x2506,data/open_training_candidates/nanjing_yunjin/commons_yunjin_qianlong_dragon_robe.JPG,84c9034d51380779630f418003859b9ad7716d11cd46e4ad2a5716654adb3aa4,false,true,critical; Commons Yunjin assertion conflicts with holding museum record (K'ossu/kesi technique),Openly licensed object candidate. Label conflict review: GRASSI Museum official collection record describes 'Drachenrobe' as silk worked in K'ossu technique and does not identify it as Nanjing Yunjin: https://www.sammlung.grassimak.de/detail/collection/56429fe3-ab10-422e-ab87-9f369355a8f4
commons_6739802,unknown,commons_nonobject_6739802,commons_nonobject_6739802,Nanjing Brocade Loom,Wikimedia Commons,https://commons.wikimedia.org/wiki/File:Nanjing_Brocade_Loom.jpg,https://upload.wikimedia.org/wikipedia/commons/8/8a/Nanjing_Brocade_Loom.jpg?utm_source=commons.wikimedia.org&utm_campaign=imageinfo&utm_content=original,"KongFu Wang from Beijing, China",CC BY-SA 2.0,https://creativecommons.org/licenses/by-sa/2.0,File page/API states CC BY-SA 2.0; attribution required=true,"Category page association only; description: A loom for weaving Nanjing Brocade, probably taken in Nanjing City Museum",2026-09-04,1600x1062,,,false,false,not an independent textile object; excluded,"Openly licensed category file, but it is a loom/building/site image rather than an independent Yunjin textile object."
commons_11294685,unknown,commons_nonobject_11294685,commons_nonobject_11294685,Nanjing Brocade Research Institute,Wikimedia Commons,https://commons.wikimedia.org/wiki/File:Nanjing_Brocade_Research_Institute.jpg,https://upload.wikimedia.org/wikipedia/commons/9/94/Nanjing_Brocade_Research_Institute.jpg?utm_source=commons.wikimedia.org&utm_campaign=imageinfo&utm_content=original,Anne Oeldorf-Hirsch,CC BY 2.0,https://creativecommons.org/licenses/by/2.0,File page/API states CC BY 2.0; attribution required=true,"Category page association only; description: Home of brocade, a very complex silk fabric weaving technique. http://en.wikipedia.org/wiki/Brocade "" rel=""nofollow""> http://en.wikipedia.org/wiki/Brocade",2026-09-04,2048x1586,,,false,false,not an independent textile object; excluded,"Openly licensed category file, but it is a loom/building/site image rather than an independent Yunjin textile object."
commons_194416422,nanjing_yunjin,commons_yunjin_bixie_train_installation,commons_yunjin_bixie_train_installation,Yunjin brocade of Bixie on CR400BF-AS-3269,Wikimedia Commons,https://commons.wikimedia.org/wiki/File:Yunjin_brocade_of_Bixie_on_CR400BF-AS-3269_(20260623105816).jpg,https://upload.wikimedia.org/wikipedia/commons/2/25/Yunjin_brocade_of_Bixie_on_CR400BF-AS-3269_%2820260623105816%29.jpg?utm_source=commons.wikimedia.org&utm_campaign=imageinfo&utm_content=original,N509FZ,CC BY-SA 4.0,https://creativecommons.org/licenses/by-sa/4.0,File page/API states CC BY-SA 4.0; attribution required=true,File title explicitly says Yunjin brocade of Bixie and the file is in Category:Nanjing brocade.,2026-09-04,3912x2608,data/open_training_candidates/nanjing_yunjin/commons_yunjin_bixie_train_installation.jpg,3d786b2f80d063042938b611fa30916813287a73b43ec0ceac1c335284bf9ed6,false,true,high; train interior and installation context can become a source shortcut; crop/manual review required,Openly licensed object candidate.
commons_52962261,unknown,commons_nonobject_52962261,commons_nonobject_52962261,南京云绵研究所 - panoramio,Wikimedia Commons,https://commons.wikimedia.org/wiki/File:%E5%8D%97%E4%BA%AC%E4%BA%91%E7%BB%B5%E7%A0%94%E7%A9%B6%E6%89%80_-_panoramio.jpg,https://upload.wikimedia.org/wikipedia/commons/5/5d/%E5%8D%97%E4%BA%AC%E4%BA%91%E7%BB%B5%E7%A0%94%E7%A9%B6%E6%89%80_-_panoramio.jpg?utm_source=commons.wikimedia.org&utm_campaign=imageinfo&utm_content=original,东京村子,CC BY-SA 3.0,https://creativecommons.org/licenses/by-sa/3.0,File page/API states CC BY-SA 3.0; attribution required=true,Category page association only; description: 南京云绵研究所,2026-09-04,3648x2736,,,false,false,not an independent textile object; excluded,"Openly licensed category file, but it is a loom/building/site image rather than an independent Yunjin textile object."
commons_52962264,unknown,commons_nonobject_52962264,commons_nonobject_52962264,南京云绵研究所牌坊 - panoramio,Wikimedia Commons,https://commons.wikimedia.org/wiki/File:%E5%8D%97%E4%BA%AC%E4%BA%91%E7%BB%B5%E7%A0%94%E7%A9%B6%E6%89%80%E7%89%8C%E5%9D%8A_-_panoramio.jpg,https://upload.wikimedia.org/wikipedia/commons/8/87/%E5%8D%97%E4%BA%AC%E4%BA%91%E7%BB%B5%E7%A0%94%E7%A9%B6%E6%89%80%E7%89%8C%E5%9D%8A_-_panoramio.jpg?utm_source=commons.wikimedia.org&utm_campaign=imageinfo&utm_content=original,东京村子,CC BY-SA 3.0,https://creativecommons.org/licenses/by-sa/3.0,File page/API states CC BY-SA 3.0; attribution required=true,Category page association only; description: 南京云绵研究所牌坊,2026-09-04,3648x2736,,,false,false,not an independent textile object; excluded,"Openly licensed category file, but it is a loom/building/site image rather than an independent Yunjin textile object."
commons_17047809,unknown,commons_nonobject_17047809,commons_nonobject_17047809,南京云锦博物馆,Wikimedia Commons,https://commons.wikimedia.org/wiki/File:%E5%8D%97%E4%BA%AC%E4%BA%91%E9%94%A6%E5%8D%9A%E7%89%A9%E9%A6%86.jpg,https://upload.wikimedia.org/wikipedia/commons/c/c6/%E5%8D%97%E4%BA%AC%E4%BA%91%E9%94%A6%E5%8D%9A%E7%89%A9%E9%A6%86.jpg?utm_source=commons.wikimedia.org&utm_campaign=imageinfo&utm_content=original,x li,CC BY-SA 2.0,https://creativecommons.org/licenses/by-sa/2.0,File page/API states CC BY-SA 2.0; attribution required=true,Category page association only; description: 纺织工人,2026-09-04,1200x1600,,,false,false,not an independent textile object; excluded,"Openly licensed category file, but it is a loom/building/site image rather than an independent Yunjin textile object."
commons_6861983,unknown,commons_nonobject_6861983,commons_nonobject_6861983,江寧織造,Wikimedia Commons,https://commons.wikimedia.org/wiki/File:%E6%B1%9F%E5%AF%A7%E7%B9%94%E9%80%A0.JPG,https://upload.wikimedia.org/wikipedia/commons/7/73/%E6%B1%9F%E5%AF%A7%E7%B9%94%E9%80%A0.JPG?utm_source=commons.wikimedia.org&utm_campaign=imageinfo&utm_content=original,Own work,CC BY-SA 4.0,https://creativecommons.org/licenses/by-sa/4.0,File page/API states CC BY-SA 4.0; attribution required=true,Category page association only; description: Jiang Ning Zhi Zao Of Nanjing,2026-09-04,1600x1200,,,false,false,not an independent textile object; excluded,"Openly licensed category file, but it is a loom/building/site image rather than an independent Yunjin textile object."
commons_154074116,unknown,commons_nonobject_154074116,commons_nonobject_154074116,鼓楼站廉政展厅云锦,Wikimedia Commons,https://commons.wikimedia.org/wiki/File:%E9%BC%93%E6%A5%BC%E7%AB%99%E5%BB%89%E6%94%BF%E5%B1%95%E5%8E%85%E4%BA%91%E9%94%A6.jpeg,https://upload.wikimedia.org/wikipedia/commons/a/a8/%E9%BC%93%E6%A5%BC%E7%AB%99%E5%BB%89%E6%94%BF%E5%B1%95%E5%8E%85%E4%BA%91%E9%94%A6.jpeg?utm_source=commons.wikimedia.org&utm_campaign=imageinfo&utm_content=original,章彦博,CC BY-SA 4.0,https://creativecommons.org/licenses/by-sa/4.0,File page/API states CC BY-SA 4.0; attribution required=true,Category page association only; description: ​鼓楼站廉政展厅云锦,2026-09-04,1920x1080,,,false,false,not an independent textile object; excluded,"Openly licensed category file, but it is a loom/building/site image rather than an independent Yunjin textile object."
met_22133,other_brocade,met_22133,met_22133,Armored Vest (Manchira),The Metropolitan Museum of Art Open Access,https://www.metmuseum.org/art/collection/search/22133,https://images.metmuseum.org/CRDImages/aa/original/sfeah10-187-78s1.jpg,The Metropolitan Museum of Art,CC0 / Public Domain,https://creativecommons.org/publicdomain/zero/1.0/,Object API isPublicDomain=true; The Met Open Access policy releases public-domain artwork images under CC0: https://www.metmuseum.org/hubs/open-access,"Official Met record: title=Armored Vest (Manchira); objectName=Armored vest (Manchira); medium=Silk brocade, iron; classification=Surcoat",2026-09-04,600x400,data/open_training_candidates/other_brocade/met_22133.jpg,b90712eaa068b3c2fc0f2f7550c8d280233101040d1460d871276bf371859625,true,true,low in API subject image; manual visual review still required,Independent Met object; accession 10.187.78; culture Japanese. Primary brocade object=True; resolution pass=True; audit copy downloaded=True.
met_51081,other_brocade,met_51081,met_51081,Book of Plowing and Weaving,The Metropolitan Museum of Art Open Access,https://www.metmuseum.org/art/collection/search/51081,https://images.metmuseum.org/CRDImages/as/original/CIB19_MM66714.jpg,The Metropolitan Museum of Art,CC0 / Public Domain,https://creativecommons.org/publicdomain/zero/1.0/,Object API isPublicDomain=true; The Met Open Access policy releases public-domain artwork images under CC0: https://www.metmuseum.org/hubs/open-access,Official Met record: title=Book of Plowing and Weaving; objectName=Illustrated book; medium=Printed from metal blocks; copper engraved plates; contained in an 18th century brocade cover; classification=Prints,2026-09-04,531x625,data/open_training_candidates/other_brocade/met_51081.jpg,3068d072153c2c6e7a08b8dca63b2f8e4b97afd34fbb51d1dc54f2c69d22b3ce,false,true,low in API subject image; manual visual review still required,Independent Met object; accession CIB19; culture China. Primary brocade object=False; resolution pass=True; audit copy downloaded=True.
met_56167,other_brocade,met_56167,met_56167,Teabowl and Accessories,The Metropolitan Museum of Art Open Access,https://www.metmuseum.org/art/collection/search/56167,https://images.metmuseum.org/CRDImages/as/original/36_120_496_O.jpg,The Metropolitan Museum of Art,CC0 / Public Domain,https://creativecommons.org/publicdomain/zero/1.0/,Object API isPublicDomain=true; The Met Open Access policy releases public-domain artwork images under CC0: https://www.metmuseum.org/hubs/open-access,"Official Met record: title=Teabowl and Accessories; objectName=Teabowl and accessories; medium=Clay, transparent glaze and thick overglaze in spots; accessories consist of black lacquer tea jar, small cylindrical wooden holder with bamboo tea whisk and jointed bamboo spoon; brocade covers for bowl and tea jar; these form a set for a traveler (Karatsu ware); classification=Ceramics",2026-09-04,599x234,data/open_training_candidates/other_brocade/met_56167.jpg,bfcc0808171530ec994cdef6965c8969888353d29a0eced324a79db54cffdb5e,false,true,low in API subject image; manual visual review still required,Independent Met object; accession 36.120.496a–h; culture Japan. Primary brocade object=False; resolution pass=True; audit copy downloaded=True.
met_58771,other_brocade,met_58771,met_58771,Case (Inrō) with Design of Basket of Persimmons (obverse); Monkey Eating Persimmon (reverse),The Metropolitan Museum of Art Open Access,https://www.metmuseum.org/art/collection/search/58771,https://images.metmuseum.org/CRDImages/as/original/29_100_845_O5.JPG,The Metropolitan Museum of Art,CC0 / Public Domain,https://creativecommons.org/publicdomain/zero/1.0/,Object API isPublicDomain=true; The Met Open Access policy releases public-domain artwork images under CC0: https://www.metmuseum.org/hubs/open-access,"Official Met record: title=Case (Inrō) with Design of Basket of Persimmons (obverse); Monkey Eating Persimmon (reverse); objectName=Inrō; medium=Lacquer, gold and silver hirame, gold, red and coloured hiramakie, takamakie; Interior: red lacquer, fundame and decoration; the interior risers decorated in gold and silver togidashi with various brocade pattern, key-fret, waves, etc.; classification=Inrō",2026-09-04,600x297,data/open_training_candidates/other_brocade/met_58771.jpg,948fb488c2b25fead5a3b997d6497106bde3552be42f45c64b6df267f4530c5c,false,true,low in API subject image; manual visual review still required,Independent Met object; accession 29.100.845; culture Japan. Primary brocade object=False; resolution pass=True; audit copy downloaded=True.
met_58896,other_brocade,met_58896,met_58896,"Manjushri, the Bodhisattva of Transcendent Wisdom",The Metropolitan Museum of Art Open Access,https://www.metmuseum.org/art/collection/search/58896,https://images.metmuseum.org/CRDImages/as/original/DP-40231-005 .jpg,The Metropolitan Museum of Art,CC0 / Public Domain,https://creativecommons.org/publicdomain/zero/1.0/,Object API isPublicDomain=true; The Met Open Access policy releases public-domain artwork images under CC0: https://www.metmuseum.org/hubs/open-access,"Official Met record: title=Manjushri, the Bodhisattva of Transcendent Wisdom; objectName=Temple hanging; medium=Silk appliqué with damask, satin, brocade, and leather substrate with silver finish and embroidery with silk cord; classification=Textiles-Embroidered",2026-09-04,0x0,,,false,true,low in API subject image; manual visual review still required,Independent Met object; accession 15.95.154; culture China. Primary brocade object=True; resolution pass=False; audit copy downloaded=False.
met_65366,other_brocade,met_65366,met_65366,Daoist priest’s ritual robe with Eight Trigrams,The Metropolitan Museum of Art Open Access,https://www.metmuseum.org/art/collection/search/65366,https://images.metmuseum.org/CRDImages/as/original/TP478.jpg,The Metropolitan Museum of Art,CC0 / Public Domain,https://creativecommons.org/publicdomain/zero/1.0/,Object API isPublicDomain=true; The Met Open Access policy releases public-domain artwork images under CC0: https://www.metmuseum.org/hubs/open-access,"Official Met record: title=Daoist priest’s ritual robe with Eight Trigrams; objectName=Robe, Daoist Priest's; medium=Silk appliqué with damask, satin, brocade, and embroidery with silk and metal thread; classification=Costumes-Embroidered",2026-09-04,600x488,data/open_training_candidates/other_brocade/met_65366.jpg,ade5eeb3913b8b0fac866f1e8907c5384645c09d6dc515d61ac460ea36d190c2,false,true,high; bottom color scale/accession strip visible; crop required,Independent Met object; accession 36.105; culture China. Primary brocade object=True; resolution pass=True; audit copy downloaded=True. Manual contact-sheet review excluded the current image pending a clean crop.
met_69179,other_brocade,met_69179,met_69179,Chair strip with dragons,The Metropolitan Museum of Art Open Access,https://www.metmuseum.org/art/collection/search/69179,https://images.metmuseum.org/CRDImages/as/original/LC-41_90_11_front.jpg,The Metropolitan Museum of Art,CC0 / Public Domain,https://creativecommons.org/publicdomain/zero/1.0/,Object API isPublicDomain=true; The Met Open Access policy releases public-domain artwork images under CC0: https://www.metmuseum.org/hubs/open-access,"Official Met record: title=Chair strip with dragons; objectName=Chair Strip; medium=Silk satin with supplementary weft pattern, gold thread brocade; classification=Textiles-Woven",2026-09-04,599x189,data/open_training_candidates/other_brocade/met_69179.jpg,19d0f9af4343afaef531deeb9ef7b9fe822ecd8a3f3d60a1fa7f35d85389e9d9,false,true,low in API subject image; manual visual review still required,Independent Met object; accession 41.90.11; culture China. Primary brocade object=True; resolution pass=False; audit copy downloaded=True.
met_70777,other_brocade,met_70777,met_70777,Panel with dragon (part of a robe-length),The Metropolitan Museum of Art Open Access,https://www.metmuseum.org/art/collection/search/70777,https://images.metmuseum.org/CRDImages/as/original/LC-1985_8_front.jpg,The Metropolitan Museum of Art,CC0 / Public Domain,https://creativecommons.org/publicdomain/zero/1.0/,Object API isPublicDomain=true; The Met Open Access policy releases public-domain artwork images under CC0: https://www.metmuseum.org/hubs/open-access,"Official Met record: title=Panel with dragon (part of a robe-length); objectName=Panel; medium=Silk brocade satin, gold thread, peacock feather filaments; classification=Textiles-Woven",2026-09-04,588x625,data/open_training_candidates/other_brocade/met_70777.jpg,cd4402891c90c55226e904cf81b9e01e8f0c2f1af4adc21f8aa5a1af5e8d7efb,true,true,low in API subject image; manual visual review still required,Independent Met object; accession 1985.8; culture China. Primary brocade object=True; resolution pass=True; audit copy downloaded=True.
met_71026,other_brocade,met_71026,met_71026,Brocade,The Metropolitan Museum of Art Open Access,https://www.metmuseum.org/art/collection/search/71026,https://images.metmuseum.org/CRDImages/as/original/DP15495.jpg,The Metropolitan Museum of Art,CC0 / Public Domain,https://creativecommons.org/publicdomain/zero/1.0/,Object API isPublicDomain=true; The Met Open Access policy releases public-domain artwork images under CC0: https://www.metmuseum.org/hubs/open-access,Official Met record: title=Brocade; objectName=Brocade; medium=; classification=Textiles-Woven,2026-09-04,599x257,data/open_training_candidates/other_brocade/met_71026.jpg,7764bf385b0f5f3c6947e7c524724fa2f52124226ed3379d740212898cce74e1,false,true,high; accession number and measurement strip visible; crop required,"Independent Met object; accession 20.148.28a, b; culture China or Japan. Primary brocade object=True; resolution pass=True; audit copy downloaded=True. Manual contact-sheet review excluded the current image pending a clean crop."
met_71070,other_brocade,met_71070,met_71070,Brocade,The Metropolitan Museum of Art Open Access,https://www.metmuseum.org/art/collection/search/71070,https://images.metmuseum.org/CRDImages/as/original/DP15579.jpg,The Metropolitan Museum of Art,CC0 / Public Domain,https://creativecommons.org/publicdomain/zero/1.0/,Object API isPublicDomain=true; The Met Open Access policy releases public-domain artwork images under CC0: https://www.metmuseum.org/hubs/open-access,Official Met record: title=Brocade; objectName=Brocade; medium=; classification=Textiles-Woven,2026-09-04,599x297,data/open_training_candidates/other_brocade/met_71070.jpg,354c8a6bc35bc9578a9da134460863c968e817cc112c98399137a33d3da738f4,false,true,high; accession number visible; crop required,Independent Met object; accession 20.148.76; culture China or Japan. Primary brocade object=True; resolution pass=True; audit copy downloaded=True. Manual contact-sheet review excluded the current image pending a clean crop.
met_71288,other_brocade,met_71288,met_71288,Brocade,The Metropolitan Museum of Art Open Access,https://www.metmuseum.org/art/collection/search/71288,https://images.metmuseum.org/CRDImages/as/original/DP15778.jpg,The Metropolitan Museum of Art,CC0 / Public Domain,https://creativecommons.org/publicdomain/zero/1.0/,Object API isPublicDomain=true; The Met Open Access policy releases public-domain artwork images under CC0: https://www.metmuseum.org/hubs/open-access,Official Met record: title=Brocade; objectName=Brocade; medium=; classification=Textiles-Woven,2026-09-04,598x305,data/open_training_candidates/other_brocade/met_71288.jpg,b6758c70bab64b8db056aa6c0a9327b72942246da4d7f04b509b9ae816b07221,false,true,high; museum reference strip visible at lower edge; crop required,Independent Met object; accession 20.148.297; culture China or Japan. Primary brocade object=True; resolution pass=True; audit copy downloaded=True. Manual contact-sheet review excluded the current image pending a clean crop.
met_71581,other_brocade,met_71581,met_71581,Brocade,The Metropolitan Museum of Art Open Access,https://www.metmuseum.org/art/collection/search/71581,https://images.metmuseum.org/CRDImages/as/original/DP15363.jpg,The Metropolitan Museum of Art,CC0 / Public Domain,https://creativecommons.org/publicdomain/zero/1.0/,Object API isPublicDomain=true; The Met Open Access policy releases public-domain artwork images under CC0: https://www.metmuseum.org/hubs/open-access,Official Met record: title=Brocade; objectName=Brocade; medium=; classification=Textiles-Woven,2026-09-04,492x624,data/open_training_candidates/other_brocade/met_71581.jpg,86efccf1b765e0d615cf779c0bbbab2c34303d3435da21a3d505df2e0d2b34ed,true,true,low in API subject image; manual visual review still required,Independent Met object; accession 20.148.587; culture China or Japan. Primary brocade object=True; resolution pass=True; audit copy downloaded=True.
