source_id,title,publisher,url,accessed_at,source_type,evidence_level,verification_status,locator,notes
S01,Craftsmanship of Nanjing Yunjin brocade,UNESCO Intangible Cultural Heritage,https://ich.unesco.org/en/RL/craftsmanship-of-nanjing-yunjin-brocade-00200,2026-09-05,intergovernmental_official,A,Round 2已采用,见原项目备注,联合国教科文组织非遗项目页；用于入选年份、工序、材料、双人织造与当代用途等事实。
S02,南京云锦织造技艺,中国非物质文化遗产网·中国非物质文化遗产数字博物馆,https://www.ihchina.cn/yunjinzhizao.html,2026-09-05,national_heritage_official,A,Round 2已采用,见原项目备注,用于核心技术、百余道工序、材料、历史用途及国家级/联合国名录事实。
S03,南京云锦木机妆花手工织造技艺,中国非物质文化遗产网·中国非物质文化遗产数字博物馆,https://www.ihchina.cn/project_details/14276,2026-09-05,national_heritage_official,A,Round 2已采用,见原项目备注,用于大花楼木织机、双人配合、四大品种及妆花手工特征。
S04,织就云霞万缕丝——浅谈历史流变中的云锦之美,中国非物质文化遗产网·中国非物质文化遗产数字博物馆,https://www.ihchina.cn/art/detail/id/27352.html,2026-09-05,national_heritage_official_article,B,Round 2已采用,见原项目备注,用于云锦纹样题材、构图形式及部分吉祥寓意；属于官方平台文章而非对象级鉴定依据。
S05,图必有意，意必吉祥——清代瓷器纹饰的意象主题,中国国家博物馆,https://www.chnmuseum.cn/yj/xscg/xslw/201812/t20181224_36286.shtml,2026-09-05,museum_research_article,B,Round 2已采用,见原项目备注,用于莲花、八宝等传统纹饰的一般文化语境；不能据此断言某张织锦图像的具体寓意。
S06,Phase 3 Level 2 Candidate Knowledge Labels,本项目 Phase 3 数据治理成果,data/metadata/phase3_level2_candidate_knowledge_labels.csv,2026-09-05,local_project_evidence,C,Round 2已采用,见原项目备注,仅证明这些名称在现有工程中作为候选知识标签保留；不证明上传图片含有相应元素。
S07,Official Evidence Database object metadata,本项目 Phase 2/3 官网对象证据整理,data/metadata/official_metadata.csv,2026-09-05,local_project_evidence,C,Round 2已采用,见原项目备注,95 个对象的对象名、类别、工艺/纹样候选与证据路径；所有 authorization_status 保持 unknown。
S08,云锦·织造工艺,南京市承创云锦研究中心,https://www.njyunjin.com.cn/zh/story/textile,2026-09-06,specialist_institution_page,B,已取得网页正文,01库缎、02库锦、03妆花,用于库缎、库锦、妆花定义；页面采用三类口径，营销性等级措辞不纳入知识库。
S09,天上霞光——南京云锦,江西服装学院古丝绸研究院,https://gscyjy.jift.edu.cn/info/1090/1008.htm,2026-09-06,academic_institution_article,B,已取得网页正文,云锦的品种、库缎、织金、库锦、妆花各节,用于织金、库锦、妆花及口径差异；只采用可与其他来源交叉核对的核心表述。
S10,吉祥牌,商务部老字号数字博物馆；南京云锦研究所有限公司企业馆,https://lzhbwg.mofcom.gov.cn/edi_ecms_web_front/thb/detail/25ba5f6e77ea4c5cb1babe1a08e68a7d,2026-09-06,government_platform_enterprise_profile,B,已取得网页正文,制作工艺段,用于挑花结本、花本装机和双人分工；政府平台承载企业自述，不作为技术标准。
S11,南京云锦：彩缕千丝织碧霄,新华网,https://csj.news.cn/20260614/c050c83396814136bac4e460b59bebd1/c.html,2026-09-06,national_news_report,B,已取得网页正文,2026-06-14正文第三、四段,用于主要流程和挑花结本解释；流程分组是报道概述，不是完整工艺标准。
S12,南京历代云锦博物馆藏品室：云锦类1：540套,南京云锦博物馆官网清册（项目存档）,http://www.yjmuseum.com/cpwx/%E5%8D%97%E4%BA%AC%E5%8E%86%E4%BB%A3%E4%BA%91%E9%94%A6%E5%8D%9A%E7%89%A9%E9%A6%86%E8%97%8F%E5%93%81%E5%AE%A4%EF%BC%9A%E4%BA%91%E9%94%A6%E7%B1%BB1%EF%BC%9A540%E5%A5%97.pdf,2026-09-06,official_catalog_archive,A,项目存档原PDF及目标页图已核对,data/official/evidence/source_pdfs/official_yunjin_catalog_1.pdf；目标页1、3、4、5、6,只支持清册名称、登记号、年代和来源栏。在线旧站本次无法打开；项目存档PDF共92页，目标对象所在第1、3、4、5、6页已目视核对。
